survey,code,state_name
student,1,Alabama
student,2,Alaska
student,3,American Samoa
student,4,Arizona
student,5,Arkansas
student,6,California
student,7,Colorado
student,8,Connecticut
student,9,Delaware
student,10,District of Columbia
student,11,Florida
student,12,Georgia
student,13,Guam
student,14,Hawaii
student,15,Idaho
student,16,Illinois
student,17,Indiana
student,18,Iowa
student,19,Kansas
student,20,Kentucky
student,21,Louisiana
student,22,Maine
student,23,Maryland
student,24,Massachusetts
student,25,Michigan
student,26,Minnesota
student,27,Mississippi
student,28,Missouri
student,29,Montana
student,30,Nebraska
student,31,Nevada
student,32,New Hampshire
student,33,New Jersey
student,34,New Mexico
student,35,New York
student,36,North Carolina
student,37,North Dakota
student,38,Northern Mariana Islands
student,39,Ohio
student,40,Oklahoma
student,41,Oregon
student,42,Pennsylvania
student,43,Puerto Rico
student,44,Rhode Island
student,45,South Carolina
student,46,South Dakota
student,47,Tennessee
student,48,Texas
student,49,U.S. Virgin Islands
student,50,Utah
student,51,Vermont
student,52,Virginia
student,53,Washington
student,54,West Virginia
student,55,Wisconsin
student,56,Wyoming
educator,1,Alabama
educator,2,Alaska
educator,3,American Samoa
educator,4,Arizona
educator,5,Arkansas
educator,6,California
educator,7,Colorado
educator,8,Connecticut
educator,9,District of Columbia
educator,10,Delaware
educator,11,Florida
educator,12,Georgia
educator,13,Guam
educator,14,Hawaii
educator,15,Idaho
educator,16,Illinois
educator,17,Indiana
educator,18,Iowa
educator,19,Kansas
educator,20,Kentucky
educator,21,Louisiana
educator,22,Maine
educator,23,Maryland
educator,24,Massachusetts
educator,25,Michigan
educator,26,Minnesota
educator,27,Mississippi
educator,28,Missouri
educator,29,Montana
educator,30,Nebraska
educator,31,Nevada
educator,32,New Hampshire
educator,33,New Jersey
educator,34,New Mexico
educator,35,New York
educator,36,North Carolina
educator,37,North Dakota
educator,38,Northern Mariana Islands
educator,39,Ohio
educator,40,Oklahoma
educator,41,Oregon
educator,42,Pennsylvania
educator,43,Puerto Rico
educator,44,Rhode Island
educator,45,South Carolina
educator,46,South Dakota
educator,47,Tennessee
educator,48,Texas
educator,49,Utah
educator,50,Vermont
educator,51,Virginia
educator,52,U.S. Virgin Islands
educator,53,Washington
educator,54,West Virginia
educator,55,Wisconsin
educator,56,Wyoming
librarian,1,Alabama
librarian,2,Alaska
librarian,3,American Samoa
librarian,4,Arizona
librarian,5,Arkansas
librarian,6,California
librarian,7,Colorado
librarian,8,Connecticut
librarian,9,District of Columbia
librarian,10,Delaware
librarian,11,Florida
librarian,12,Georgia
librarian,13,Guam
librarian,14,Hawaii
librarian,15,Idaho
librarian,16,Illinois
librarian,17,Indiana
librarian,18,Iowa
librarian,19,Kansas
librarian,20,Kentucky
librarian,21,Louisiana
librarian,22,Maine
librarian,23,Maryland
librarian,24,Massachusetts
librarian,25,Michigan
librarian,26,Minnesota
librarian,27,Mississippi
librarian,28,Missouri
librarian,29,Montana
librarian,30,Nebraska
librarian,31,Nevada
librarian,32,New Hampshire
librarian,33,New Jersey
librarian,34,New Mexico
librarian,35,New York
librarian,36,North Carolina
librarian,37,North Dakota
librarian,38,Northern Mariana Islands
librarian,39,Ohio
librarian,40,Oklahoma
librarian,41,Oregon
librarian,42,Pennsylvania
librarian,43,Puerto Rico
librarian,44,Rhode Island
librarian,45,South Carolina
librarian,46,South Dakota
librarian,47,Tennessee
librarian,48,Texas
librarian,49,Utah
librarian,50,Vermont
librarian,51,Virginia
librarian,52,U.S. Virgin Islands
librarian,53,Washington
librarian,54,West Virginia
librarian,55,Wisconsin
librarian,56,Wyoming
